SKU,Name,Meta: _wc_gla_synced_at,Attribute 1 name,Attribute 1 value(s),Attribute 1 visible,Attribute 1 global
532010,Thule Twin Pack Bike Rack (532010),,BRAND,Thule,1,1
938100,Thule Velospace XT Bike Adaptor (938100),1671721621,BRAND,Thule,1,1
938200,Thule Velospace XT 3rd Bike Arm (938200),1671721621,BRAND,Thule,1,1
TH532,Thule Freeride Roof Top Bike Rack (TH532),1671721621,BRAND,Thule,1,1
TH598,Thule Proride Aluminium Carrier (Th598),1671721621,BRAND,Thule,1,1
TH598B,Thule Proride Black Bike Carrier (Th598b),1671721621,BRAND,Thule,1,1
599001,Thule Upride Cycle Carrier (599001),1671721621,BRAND,Thule,1,1
938021,Thule Velospace XT 2 Bike Rack (938021),1671721621,BRAND,Thule,1,1
972000,Thule Hang-On Tiltable Towbar Carrier (972000),1671721621,BRAND,Thule,1,1
TH840000,Thule K-Guard Carrier (TH840000),1671721621,BRAND,Thule,1,1
TH970,THULE Xpress 2 bike hanging towbar bike rack - Aluminium (TH970),1671721621,BRAND,Thule,1,1
TH753,Thule Evo Footpack New Raised (TH753),1671721621,BRAND,Thule,1,1
710500,Thule Evo Footpack (710500),1671721621,BRAND,Thule,1,1
710600,Thule Evo Footpack (710600),1671721621,BRAND,Thule,1,1
710700,Thule Evo Footpack (710700),1671721621,BRAND,Thule,1,1
KIT7003,Thule Fitting Kit (Kit 7003),1671721621,BRAND,Thule,1,1
KIT7008,Thule Fitting Kit (Kit 7008),1671721621,BRAND,Thule,1,1
KIT7010,Thule Fitting Kit (Kit  7010),1671721621,BRAND,Thule,1,1
KIT7013,Thule Fitting Kit (Kit 7013),1671721621,BRAND,Thule,1,1
KIT7014,Thule Fitting Kit (Kit 7014),1671721621,BRAND,Thule,1,1
KIT7019,Thule Fitting Kit (Kit 7019),1671721621,BRAND,Thule,1,1
KIT7022,Thule Fitting Kit (Kit 7022),1671721621,BRAND,Thule,1,1
KIT7024,Thule Fitting Kit (Kit 7024),1671721621,BRAND,Thule,1,1
KIT7029,Thule Fitting Kit (Kit 7029),1671721621,BRAND,Thule,1,1
KIT7032,Thule Fitting Kit (Kit 7032),1671721621,BRAND,Thule,1,1
KIT7039,Thule Fitting Kit (Kit 7039),1671721621,BRAND,Thule,1,1
KIT7043,Thule Fitting Kit (Kit 7043),1671721621,BRAND,Thule,1,1
KIT7055,Thule Fitting Kit (Kit 7055),1671721621,BRAND,Thule,1,1
KIT7057,Thule Fitting Kit (Kit 7057),1671721621,BRAND,Thule,1,1
KIT7058,Thule Fitting Kit (Kit 7058),1671721621,BRAND,Thule,1,1
KIT7084,Thule Fitting Kit (Kit 7084),1671721621,BRAND,Thule,1,1
KIT7089,Thule Fitting Kit (Kit 7089),1671721621,BRAND,Thule,1,1
KIT7090,Thule Fitting Kit (Kit 7090),1671721621,BRAND,Thule,1,1
KIT7092,Thule Fitting Kit (Kit 7092),1671721621,BRAND,Thule,1,1
KIT3042,Thule Rapid Kit (Kit 3042),,BRAND,Thule,1,1
KIT1323,Thule Rapid Kit (Kit 1323),1671721621,BRAND,Thule,1,1
KIT1642,Thule Rapid Fixing Kit (Kit 1642),1671721621,BRAND,Thule,1,1
KIT1324,Thule Rapid Fixing Kit (Kit 1324),1671721621,BRAND,Thule,1,1
KIT1814,Thule Rapid Fitting Kit (Kit 1814),1671721621,BRAND,Thule,1,1
KIT3017,Thule Rapid Fixpoint Kit (Kit 3017),1671721621,BRAND,Thule,1,1
KIT3024,Thule Rapid Fixpoint Kit (Kit 3024),1671721621,BRAND,Thule,1,1
KIT3027,Thule Rapid Fitting Kit (Kit 3027),1671721621,BRAND,Thule,1,1
KIT3028,Thule Rapid Fixpoint Kit (Kit 3028),1671721621,BRAND,Thule,1,1
KIT3030,Thule Fixpoint XT Fitting Kit (Kit 3030),,BRAND,Thule,1,1
KIT3039,Thule Rapid Fixpoint Kit (Kit 3039),1671721621,BRAND,Thule,1,1
KIT3040,Thule Rapid Fixpoint Kit (Kit 3040),,BRAND,Thule,1,1
KIT3049,Thule Fixpoint XT Kit (Kit 3049),,BRAND,Thule,1,1
KIT3057,Thule Rapid Fixpoint Kit (Kit 3057),1671721621,BRAND,Thule,1,1
KIT3069,Thule Fitting Kit (Kit 3069),1671721621,BRAND,Thule,1,1
KIT3072,Thule Fixpoint XT Kit (Kit 3072),1671721621,BRAND,Thule,1,1
KIT3087,Thule Rapid Fixpoint Kit (Kit 3087),,BRAND,Thule,1,1
KIT3089,Thule  Fixpoint XT Kit 3089,1671721621,BRAND,Thule,1,1
KIT3090,Thule Fixpoint XT Kit (Kit 3090),1671721621,BRAND,Thule,1,1
KIT3104,Thule Rapid Fixpoint Kit (Kit 3104),1671721621,BRAND,Thule,1,1
KIT3107,Thule Rapid Fixpoint Kit (Kit 3107),1671721621,BRAND,Thule,1,1
KIT3117,Thule Rapid Fixpoint Kit (Kit 3117),1671721621,BRAND,Thule,1,1
KIT3118,Thule Rapid Fixpoint Kit (Kit 3118),1671721621,BRAND,Thule,1,1
KIT3119,Thule Rapid Fixpoint Kit (Kit 3119),1671721621,BRAND,Thule,1,1
KIT3133,Thule Rapid Fixpoint Kit (Kit 3133),1671721621,BRAND,Thule,1,1
KIT3136,Thule Fixpoint XT Kit (Kit 3136),1671721621,BRAND,Thule,1,1
KIT3143,Thule Fixpoint XT Kit (Kit 3143),1671721621,BRAND,Thule,1,1
KIT3145,Thule Rapid Kit (Kit 3145),1671721621,BRAND,Thule,1,1
KIT3149,Thule Rapid Kit (Kit 3149),1671721621,BRAND,Thule,1,1
KIT4003,Thule Fixpoint Flush Kit (Kit 4003),1671721621,BRAND,Thule,1,1
KIT5002,Thule Evo Fitting Kit (Kit 5002),1671721621,BRAND,Thule,1,1
KIT5003,Thule Evo Fitting Kit (Kit 5003),1671721621,BRAND,Thule,1,1
KIT5005,Thule Evo Fitting Kit (Kit 5005),1671721621,BRAND,Thule,1,1
KIT5006,Thule Evo Fitting Kit 5006,1671721621,BRAND,Thule,1,1
KIT5007,Thule Evo Fitting Kit (Kit 5007),1671721621,BRAND,Thule,1,1
KIT5008,Thule Evo Fitting Kit (Kit 5008),1671721621,BRAND,Thule,1,1
KIT5009,Thule Evo Fitting Kit (Kit 5009),1671721621,BRAND,Thule,1,1
KIT5010,Thule Evo Fitting Kit (Kit 5010),1671721621,BRAND,Thule,1,1
KIT5011,Thule Evo Fitting Kit (Kit 5011),1671721621,BRAND,Thule,1,1
KIT5012,Thule Evo Fitting Kit (Kit 5012),1671721621,BRAND,Thule,1,1
KIT5013,Thule Evo Fitting Kit (Kit 5013),1671721621,BRAND,Thule,1,1
KIT5014,Thule Evo Fitting Kit (Kit 5014),1671721624,BRAND,Thule,1,1
KIT5015,Thule Evo Fitting Kit (Kit 5015),1671721624,BRAND,Thule,1,1
KIT5017,Thule Evo Fitting Kit (Kit 5017),1671721624,BRAND,Thule,1,1
KIT5018,Thule Evo Fitting Kit (Kit 5018),1671721624,BRAND,Thule,1,1
KIT5019,Thule Evo Fitting Kit (Kit 5019),1671721624,BRAND,Thule,1,1
KIT5020,Thule Evo Fitting Kit (Kit 5020),1671721624,BRAND,Thule,1,1
KIT5021,Thule Evo Fitting Kit (Kit 5021),1671721624,BRAND,Thule,1,1
KIT5022,Thule Evo Fitting Kit (Kit 5022),1671721624,BRAND,Thule,1,1
KIT5023,Thule Evo Fitting Kit (Kit 5023),1671721624,BRAND,Thule,1,1
KIT5024,Thule Evo Fitting Kit (Kit 5024),1671721624,BRAND,Thule,1,1
KIT5025,Thule Evo Fitting Kit (Kit 5025),1671721624,BRAND,Thule,1,1
KIT5026,Thule Evo Fitting Kit (Kit 5026),1671721624,BRAND,Thule,1,1
KIT5027,Thule Evo Fitting Kit (Kit 5027),1671721624,BRAND,Thule,1,1
KIT5028,Thule Evo Fitting Kit (Kit 5028),1671721624,BRAND,Thule,1,1
KIT5030,Thule Evo Fitting Kit (Kit 5030),1671721624,BRAND,Thule,1,1
KIT5031,Thule Evo Fitting Kit (Kit 5031),1671721624,BRAND,Thule,1,1
KIT5033,Thule Evo Fitting Kit (Kit 5033),1671721624,BRAND,Thule,1,1
KIT5035,Thule Evo Fitting Kit (Kit 5035),1671721624,BRAND,Thule,1,1
KIT5042,Thule Evo Fitting Kit (Kit 5042),1671721624,BRAND,Thule,1,1
KIT5043,Thule Evo Fitting Kit (Kit 5043),1671721624,BRAND,Thule,1,1
KIT5044,Thule Evo Fitting Kit (Kit 5044),1671721624,BRAND,Thule,1,1
KIT5048,Thule Evo Fitting Kit (Kit 5048),1671721624,BRAND,Thule,1,1
KIT5050,Thule Evo Fitting Kit (Kit 5050),1671721624,BRAND,Thule,1,1
KIT5051,Thule Evo Fitting Kit (Kit 5051),1671721624,BRAND,Thule,1,1
KIT5054,Thule Evo Fitting Kit (Kit 5054),1671721624,BRAND,Thule,1,1
KIT5056,Thule Evo Fitting Kit (Kit 5056),1671721624,BRAND,Thule,1,1
KIT5062,Thule Evo Fitting Kit (Kit 5062),1671721624,BRAND,Thule,1,1
KIT5063,Thule Evo Fitting Kit (Kit 5063),1671721624,BRAND,Thule,1,1
KIT5074,Thule Evo Fitting Kit (Kit 5074),1671721624,BRAND,Thule,1,1
KIT5078,Thule Evo Fitting Kit (Kit 5078),1671721624,BRAND,Thule,1,1
KIT5079,Thule Evo Fitting Kit (Kit 5079),1671721624,BRAND,Thule,1,1
KIT5083,Thule Evo Fitting Kit (Kit 5083),1671721624,BRAND,Thule,1,1
KIT5085,Thule Evo Fitting Kit (Kit 5085),1671721624,BRAND,Thule,1,1
KIT5088,Thule Evo Fitting Kit (Kit 5088),1671721624,BRAND,Thule,1,1
KIT5089,Thule Evo Fitting Kit (Kit 5089),1671721624,BRAND,Thule,1,1
KIT5090,Thule Evo Fitting Kit (Kit 5090),1671721624,BRAND,Thule,1,1
KIT5091,Thule Evo Fitting Kit (Kit 5091),1671721624,BRAND,Thule,1,1
KIT5092,Thule Evo Fitting Kit (Kit 5092),1671721624,BRAND,Thule,1,1
KIT5093,Thule Evo Fitting Kit (Kit 5093),1671721624,BRAND,Thule,1,1
KIT5097,Thule Evo Fitting Kit (Kit 5097),1671721624,BRAND,Thule,1,1
KIT5098,Thule Evo Fitting Kit (Kit 5098),1671721624,BRAND,Thule,1,1
KIT5100,Thule Evo Fitting Kit (Kit 5100),1671721624,BRAND,Thule,1,1
KIT5101,Thule Evo Fitting Kit (Kit 5101),1671721624,BRAND,Thule,1,1
KIT5102,Thule Evo Fitting Kit (Kit 5102),1671721624,BRAND,Thule,1,1
KIT5108,Thule Evo Fitting Kit (Kit 5108),1671721624,BRAND,Thule,1,1
KIT5109,Thule Evo Fitting Kit (Kit 5109),1671721624,BRAND,Thule,1,1
KIT5114,Thule Evo Fitting Kit (Kit 5114),1671721624,BRAND,Thule,1,1
KIT5115,Thule Evo Fitting Kit (Kit 5115),1671721624,BRAND,Thule,1,1
KIT5116,Thule Evo Fitting Kit (Kit 5116),1671721624,BRAND,Thule,1,1
KIT5123,Thule Evo Fitting Kit (Kit 5123),1671721624,BRAND,Thule,1,1
KIT5124,Thule Evo Fitting Kit (Kit 5124),1671721624,BRAND,Thule,1,1
KIT5126,Thule Evo Fitting Kit (Kit 5126),1671721624,BRAND,Thule,1,1
KIT5127,Thule Evo Fitting Kit (Kit 5127),1671721624,BRAND,Thule,1,1
KIT5130,Thule Evo Fitting Kit (Kit 5130),1671721624,BRAND,Thule,1,1
KIT5131,Thule Evo Fitting Kit (Kit 5131),1671721624,BRAND,Thule,1,1
KIT5132,Thule Evo Fitting Kit (Kit 5132),1671721624,BRAND,Thule,1,1
KIT5135,Thule Evo Fitting Kit (Kit5135),1671721624,BRAND,Thule,1,1
KIT5139,Thule Evo Fitting Kit (Kit 5139),1671721624,BRAND,Thule,1,1
KIT5141,Thule Evo Fitting Kit (Kit 5141),1671721624,BRAND,Thule,1,1
KIT5146,Thule Evo Fitting Kit (Kit 5146),1671721624,BRAND,Thule,1,1
KIT5153,Thule Evo Fitting Kit (Kit 5153),1671721624,BRAND,Thule,1,1
KIT5159,Thule Evo Fitting Kit (Kit 5159),1671721624,BRAND,Thule,1,1
KIT5163,Thule Evo Fitting Kit (Kit 5163),1671721624,BRAND,Thule,1,1
KIT5173,Thule Evo Fitting Kit (Kit 5173),1671721624,BRAND,Thule,1,1
KIT5196,Thule Evo Fitting Kit (Kit5196),1671721624,BRAND,Thule,1,1
KIT5201,Thule Evo Fitting Kit (Kit 5201),1671721624,BRAND,Thule,1,1
KIT5213,Thule Evo Fitting Kit (Kit 5213),1671721624,BRAND,Thule,1,1
KIT6001,Thule Evo Flush Rail Kit (Kit 6001),1671721624,BRAND,Thule,1,1
KIT6007,Thule Evo Flush Rail Kit (Kit 6007),1671721624,BRAND,Thule,1,1
KIT6009,Thule Evo Flush Rail Kit (Kit 6009),1671721624,BRAND,Thule,1,1
KIT6010,Thule Evo Flush Rail Kit (Kit 6010),1671721624,BRAND,Thule,1,1
KIT6011,Thule Evo Flush Rail Kit (Kit 6011),1671721624,BRAND,Thule,1,1
KIT6012,Thule Evo Flush Rail Kit (Kit 6012),1671721624,BRAND,Thule,1,1
KIT6013,Thule Evo Flush Rail Kit (Kit 6013),1671721624,BRAND,Thule,1,1
KIT6014,Thule Evo Flush Rail Kit (Kit 6014),1671721624,BRAND,Thule,1,1
KIT6015,Thule Evo Flush Rail Kit (Kit 6015),1671721624,BRAND,Thule,1,1
KIT6016,Thule Evo Flush Rail Kit (Kit 6016),1671721624,BRAND,Thule,1,1
KIT6017,Thule Evo Flush Rail Kit (Kit 6017),1671721624,BRAND,Thule,1,1
KIT6018,Thule Evo Flush Rail Kit (Kit 6018),1671721624,BRAND,Thule,1,1
KIT6019,Thule Evo Flush Rail Kit (Kit 6019),1671721624,BRAND,Thule,1,1
KIT6020,Thule Evo Flush Rail Kit (Kit 6020),1671721624,BRAND,Thule,1,1
KIT6021,Thule Evo Flush Rail Kit (Kit 6021),1671721624,BRAND,Thule,1,1
KIT6022,Thule Evo Flush Rail Kit (Kit 6022),1671721624,BRAND,Thule,1,1
KIT6023,Thule Evo Flush Rail Kit (Kit 6023),1671721624,BRAND,Thule,1,1
KIT6024,Thule Evo Flush Rail Kit (Kit 6024),1671721624,BRAND,Thule,1,1
KIT6028,Thule Evo Flush Rail Kit (Kit 6028),1671721624,BRAND,Thule,1,1
KIT6029,Thule Evo Flush Rail Kit (Kit 6029),1671721624,BRAND,Thule,1,1
KIT6030,Thule Evo Flush Rail Kit (Kit 6030),1671721624,BRAND,Thule,1,1
KIT6031,Thule Evo Flush Rail Kit (Kit 6031),1671721624,BRAND,Thule,1,1
KIT6032,Thule Evo Flush Rail Kit (Kit 6032),1671721624,BRAND,Thule,1,1
KIT6033,Thule Evo Flush Rail Kit (Kit 6033),1671721624,BRAND,Thule,1,1
KIT6034,Thule Evo Flush Rail Kit (Kit 6034),1671721624,BRAND,Thule,1,1
KIT6039,Thule Evo Flush Rail Kit (Kit 6039),1671721624,BRAND,Thule,1,1
KIT6040,Thule Evo Flush Rail Kit (Kit 6040),1671721624,BRAND,Thule,1,1
KIT6044,Thule Evo Flush Rail Kit (Kit 6044),1671721624,BRAND,Thule,1,1
KIT6045,Thule Evo Flush Rail Kit (Kit 6045),1671721624,BRAND,Thule,1,1
KIT6049,Thule Evo Flush Rail Kit (Kit 6049),1671721624,BRAND,Thule,1,1
KIT6050,Thule Evo Flush Rail Kit (Kit 6050),1671721624,BRAND,Thule,1,1
KIT6052,Thule Evo Flush Rail Kit (Kit 6052),1671721624,BRAND,Thule,1,1
KIT6056,Thule Evo Flush Rail Kit (Kit 6056),1671721624,BRAND,Thule,1,1
KIT6060,Thule Evo Flush Rail Kit (Kit 6060),1671721660,BRAND,Thule,1,1
KIT6070,Thule Evo Flush Rail Kit (Kit 6070),1671721660,BRAND,Thule,1,1
KIT6075,Thule Evo Flush Rail Kit (Kit 6075),1671721660,BRAND,Thule,1,1
KIT6076,Thule Evo Flush Rail Kit (Kit 6076),1671721660,BRAND,Thule,1,1
KIT6078,Thule Evo Flush Rail Kit (Kit 6078),1671721660,BRAND,Thule,1,1
KIT6096,Thule Evo Flush Rail Kit (Kit 6096),1671721660,BRAND,Thule,1,1
958400,Thule Wingbar Edge Roof Bar (958400),1671721660,BRAND,Thule,1,1
958500,Thule Wingbar Edge Roof Bar (958500),1671721660,BRAND,Thule,1,1
711100,Thule Wingbar Evo 108cm Aluminium Roof Bar (711100),1671721660,BRAND,Thule,1,1
711120,Thule Black Wingbar Evo Roof Bar 108cm (711120),1671721660,BRAND,Thule,1,1
711200,Thule Wingbar Evo Roof Bar 118cm Aluminium (711200),1671721660,BRAND,Thule,1,1
711220,Thule Roof Bar Black Wingbar Evo 118cm (711220),1671721660,BRAND,Thule,1,1
711300,Thule Wingbar Evo 127cm Aluminium Roof Bar (711300),1671721660,BRAND,Thule,1,1
711320,Thule Black Wingbar Evo Roof Bar 127cm (711320),1671721660,BRAND,Thule,1,1
711400,Thule Wingbar Evo 135cm Aluminium Roof Bar (711400),1671721660,BRAND,Thule,1,1
711420,Thule Black Wingbar Evo Roof Bar 135cm (711420),1671721660,BRAND,Thule,1,1
712100,Thule Roof Bars X2 Was 760 (712100),1671721660,BRAND,Thule,1,1
712200,Thule Roof Bars X2 Was 761 (712200),1671721660,BRAND,Thule,1,1
712300,Thule Roof Bars X2 Was 769 (712300),1671721660,BRAND,Thule,1,1
712400,Thule Roof Bars X2 Was 762 (712400),1671721660,BRAND,Thule,1,1
712500,Thule Roof Bars X2 Was 763 (712500),1671721660,BRAND,Thule,1,1
629201,Thule Motion XT M Black Roof Box (629201),1671721660,BRAND,Thule,1,1
635200,Thule Force XT Medium Roof Box (635200),1671721660,BRAND,Thule,1,1
689202,Thule Ocean 100 Roof Box in Black (689202),1671721660,BRAND,Thule,1,1
692204,Thule Ocean 600 Black Roof Box (692204),1671721660,BRAND,Thule,1,1
520100,Thule Kayak Support (520100),1671721660,BRAND,Thule,1,1
52102,Thule 1 X Wingbar Cover Strip (52102),1671721660,BRAND,Thule,1,1
52622,Thule Spare Screws X4 (52622),1671721660,BRAND,Thule,1,1
450400,THULE LOCK SET x4 (450400),1671721660,BRAND,Thule,1,1
450800,Thule Lock Set x8 (450800),1671721660,BRAND,Thule,1,1
451200,THULE LOCK SET x12 (451200),1671721660,BRAND,Thule,1,1
TH841000,Thule Lockable Straps X2 (TH841000),1671721660,BRAND,Thule,1,1
TH8891,Thule T-Track Set 30x24mm (TH8891),1671721660,BRAND,Thule,1,1
TH957,Thule Towbar Lock (TH957),1671721660,BRAND,Thule,1,1
TH9906,Thule Adaptor 7 To 13 Pin (TH9906),1671721660,BRAND,Thule,1,1
TH9907,Thule Adaptor 13 To 7 Pin (TH9907),1671721660,BRAND,Thule,1,1
1500052992,Thule Wingbar Smart Scale 5-36mm (1500052992),1671721660,BRAND,Thule,1,1
1500052996,Thule Wingbar Evo Endcap L/H Side (1500052996),1671721660,BRAND,Thule,1,1
598101,Thule Fatbike Adapter For Proride (598101),1671721660,BRAND,Thule,1,1
1500052997,Thule Wingbar Evo Endcap R/H Side (1500052997),1671721660,BRAND,Thule,1,1
1500052995,Thule Wingbar Smart Scale 37-66mm (1500052995),1671721660,BRAND,Thule,1,1
1500052994,Thule Wingbar Smart Scale 22-51mm (1500052994),1671721660,BRAND,Thule,1,1
1500052991,Thule Wingbar Smart Scale 5-24mm (1500052991),1671721660,BRAND,Thule,1,1
1500052993,Thule Wingbar Smart Scale 14-43mm (1500052993),1671721660,BRAND,Thule,1,1
1500051212,Thule Torque Allen Key (1500051212),1671721660,BRAND,Thule,1,1
1500034140,"Thule Wheel Protection 533, 539 (1500034140)",1671721660,BRAND,Thule,1,1
1500034358,Thule Wheel Strap for 591/561 (1500034358),1671721660,BRAND,Thule,1,1
1500034368,Thule Wheel Tray Holder 591 L/R (1500034368),1671721660,BRAND,Thule,1,1
1500050007,Thule Screw Endcap for 775 (1500050007),1671721660,BRAND,Thule,1,1
1500050044,Thule Lens Cover L/R 9402/3 (1500050044),1671721660,BRAND,Thule,1,1
1500050208,Thule Barrel Nut 23x10mm Single (1500050208),1671721660,BRAND,Thule,1,1
TH560,Thule Wheel Cover (TH560),1671721660,BRAND,Thule,1,1
TH379000,Thule Tool Key (TH379000),1671721660,BRAND,Thule,1,1
TH9771,Thule Wall Hanger (TH9771),1671721660,BRAND,Thule,1,1
TH9772,Thule Bike Adaptor (TH9772),1671721660,BRAND,Thule,1,1
1500050903,Thule Cradle Strap x2 For 9708 (1500050903),1671721660,BRAND,Thule,1,1
1500050793,THULE Cradle for 9708 972 EXPRE (1500050793),1671721660,BRAND,Thule,1,1
1500052103,Thule Wingbar Endcap L/H Side (1500052103),1671721660,BRAND,Thule,1,1
1500052104,Thule Wingbar Endcap R/H Side (1500052104),1671721660,BRAND,Thule,1,1
889500,Thule Proride Adapter (889500),1671721660,BRAND,Thule,1,1
889301,Thule T-Track Set 30x24mm (889301),1671721660,BRAND,Thule,1,1
1500052669,Thule End Cap for 598001 (1500052669),1671721660,BRAND,Thule,1,1
1500052670,Thule Rim Protector (1500052670),1671721660,BRAND,Thule,1,1
1500052678,THULE Assembly Bag (1500052678),1671721660,BRAND,Thule,1,1
1500052968,THULE End Caps x4 SQ Bars (1500052968),1671721660,BRAND,Thule,1,1
TH521,THULE Straps 275cm (TH521),1671721660,BRAND,Thule,1,1
TH524,THULE Straps 275cm x2 (TH524),1671721660,BRAND,Thule,1,1
TH523,THULE Straps 400cm x2 (TH523),1671721660,BRAND,Thule,1,1
1500034139,THULE Wheel Holder L/R 9502/03 (1500034139),1671721660,BRAND,Thule,1,1
1500050718,THULE Wheel Holder Strap 532 (1500050718),1671721660,BRAND,Thule,1,1
1500051160,THULE RH/LH Lens Cover 9502/950 (1500051160),1671721660,BRAND,Thule,1,1
1500051161,Thule Lamp Unit 9502/9503 (1500051161),1671721660,BRAND,Thule,1,1
1500051162,Thule Cable Kit 9502/9503 (1500051162),1671721660,BRAND,Thule,1,1
1500051224,Thule Wheel Holder 940/943 (1500051224),1671721660,BRAND,Thule,1,1
1500051351,Thule Endcap For 532 (1500051351),1671721660,BRAND,Thule,1,1
1500052250,THULE STRAP FOR G6 928/929 (1500052250),1671721660,BRAND,Thule,1,1
1500052296,THULE LH/RH Lens Cover (1500052296),1671721660,BRAND,Thule,1,1
1500052598,THULE Number Plate Clips x4 (1500052598),1671721660,BRAND,Thule,1,1
1500052625,THULE Velocompact MID Bike Arm (1500052625),1671721660,BRAND,Thule,1,1
1500052862,THULE Square Bar Repair Kit (1500052862),1671721660,BRAND,Thule,1,1
1500052958,Thule Wheel Holder Front For 598 (1500052958),1671721660,BRAND,Thule,1,1
1500052959,Thule Wheel Holder Rear For 5980 (1500052959),1671721660,BRAND,Thule,1,1
1500052989,Thule Quick Access Interface/Pair (1500052989),1671721660,BRAND,Thule,1,1
532SQBT3,Thule T-Bolts Pack of 3 x 60mm for 532 (532SQBT3),1671721660,BRAND,Thule,1,1
532TT3,THULE 3X T-TRACKS FOR 532 FREERIDE 20 (532TT3),1671721660,BRAND,Thule,1,1
598TT3,Thule 3x T-Track Screws For 598 Bike (598TT3),1671721660,BRAND,Thule,1,1
990600,Thule 7 to 13 Pin Adapter Car Electrical Outlet (990600),1671721660,BRAND,Thule,1,1
990700,Thule 13-pin to 7-pin adapter (990700),1671721660,BRAND,Thule,1,1
933300,Thule EasyFold XT 2-bike platform towbar bike rack (933300),1671721660,BRAND,Thule,1,1
934300,Thule EasyFold XT 3-bike platform towbar bike rack (934300),1671721660,BRAND,Thule,1,1
710410,Thule EVO Footpack for raised rails (710410),1671721660,BRAND,Thule,1,1
532002,Thule FreeRide Roof Top Bike Rack (532002),1671721660,BRAND,Thule,1,1
840003,Thule K-Guard (840003),,BRAND,Thule,1,1
995001,Thule OutWay Hanging 3 (995001),1671721660,BRAND,Thule,1,1
993001,Thule OutWay Platform 2 (993001),1671721660,BRAND,Thule,1,1
598002,Black Thule ProRide Bike Rack Carrier (598002),1671721660,BRAND,Thule,1,1
598001,Thule ProRide Bike Rack Silver (598001),1671721660,BRAND,Thule,1,1
838000,Thule QuickDraw Ratchet (838000),1671721660,BRAND,Thule,1,1
753000,Thule Rapid System 753 foot pack (753000),1671721660,BRAND,Thule,1,1
524000,Thule Strap 2x275cm (524000),1671721660,BRAND,Thule,1,1
523000,Thule Strap 2x400cm (523000),1671721662,BRAND,Thule,1,1
521000,Thule Strap 275cm (521000),1671721662,BRAND,Thule,1,1
957000,Thule towbar Lock (957000),1671721662,BRAND,Thule,1,1
889101,Thule T-track Adapter (889101),1671721662,BRAND,Thule,1,1
924021,Thule VeloCompact 2 13-Pin Bike Rack (924021),1671721662,BRAND,Thule,1,1
926021,Thule VeloCompact 3 Bike Rack Carrier (926021),1671721662,BRAND,Thule,1,1
926101,Thule VeloCompact 4th Bike Adapter (926101),1671721662,BRAND,Thule,1,1
970003,Thule Xpress 2 Towbar Bike Carrier (970003),1671721662,BRAND,Thule,1,1
